Message,Label,has_emoji,emoji_added
ail nnNow why would you come up here talking about your mom like thatfall back son,0,False,
Hey Defiance this lady is CRAZY she only edits Kupcinet believes that the stupid chick was murdered and doesnt understand that whatever she writes will be changed the next day Stay away from her  Ill get her Bannedadelicad behind the scenes She drove Dooyar and Isotope and ColScott away with her violations of sanity  Up hers  Ryan Buushbby from the road,1,False,
The original Arab text refers to a Jihad against Zionists and Crusaders Most of the people of the world have a big problem with Zionists and Crusaders including me a Christian and most of my Jewish friends Up until  we assumed that our leaders of the United States followed a higher law than might makes right When the tragedy happened we thought that the law and civility the free world had established would prove to these backward people that there are superior methods of dealing with disputes than to hurt and kill each other  Instead our United States representatives proved bin Laden right They fell into every trap that he prophesied Bin laden was able to drain us of over two trillion dollars expose the atrocities that we had previously been able to hide from most of the world including our own people and draw us into a war that we cannot win There may not have been very many people actively fighting against the bigotry of Zionists and Crusaders a few years ago but the United States response to  has certainly opened our eyes since then I can assure you that large numbers of people from all ethnic and religious groups consider themselves part of the front against the war crimes being committed,0,False,
Well instead of its up to you  ing me do some work you seem to be able to do enough criticism well use your brain in the case you have got one and make corrections in the mean time I am going to do something about you because you are becoming a pest Thanks 🤡,1,True,🤡
And by doing so she helped subject the world to  years of terrorism,1,False,
Use the BoxOfficeMojo for box office concerns Since its listed there itll be a heavy reliable source,0,False,
IM A GOOFY GOOBER YEAH POOOOOOOOOOOOOO COMES OUT MY BUTT   blahhhhhhhhhhhblahhhhhhhhhblahblahblah grrrrrrrrrrrrrrrrrrrrrrrrrrrrrrrrr growllllllllll rawrrrrrrr shkiyss grrrrOWLSSSSSSSSSSS PPPPP yeeeeeeeaaahhhhhBOiiiiii i just personally attackedd you WHAT NOWWW,1,False,
I have answered your post on my talkpage You are incorrect to believe that my recusal for the climate change RFE page affects any advice  to you here,0,False,
Ill agree with P Metzger too an would like the plurality to return into the title as stated above eg Exchange interactions as well It will possibly involve some redirectional consequences but wouldnt so be better spoken of many interactions instead of much interaction DA Borgdorff,0,False,
deathofrats haha mine is worse P,0,False,
Johnuniq and Quietmark   This is my last response I do not have a problem with how you handled the discussion page and I appreciate the polite responses I brought up my PhD in statistics because a contributor thought it would be appropriate to just delete my discussion so I wanted to know why they felt that was within their purview Do they hold some higher degree or happen to be an expert in evolutionary theory to whom I should defer I am not a creationist trying to tear apart evolution but a scientist trying to scientifically discuss the article As such my comments should not be quickly dismissed but should be answered   I made the suggestion that there are many verified methods of falsifiability which have been in either peerreviewed journal articles or stated by Darwin himself I believe this post was deleted but I can provide them and their references to help out this section btw I can find at least four or five which is more than are currently listed but are actually correct This article listed none of these methods of falsifiability in the section labeled falsifiability    I dont want creationism taught in school One of the methods of falsifiability this article mentions requires a deity This opens up Pandoras box  How easily could a creationist say Whats good for the goose is good for the gander If a deity can be used for falsifiability the cornerstone of a scientific theory then obviously it is allowed into science  If it is allowed into science then keeping creationism and ID out is not justifiable Do not give creationists such an easy target    Other methods mentioned in the article I easily disputed using only the definition of falsifiability found at wiki among other places  While you in general have dismissed my claims as being SYN you could not break the logic used nor provide an argument as to why I might be wrong This is like shooting fish in a barrel and you are giving creationists the ammo to do so  How much ammo do you want to give them    Royboy first the definition of chimera they are using has change from httpenwikipediaorgwikiChimeragenetics so the definition has already changed because these exist  Beyond that evolution does not inherently predict that there are no chimeras as long as the lineage can be traced back and it was advantageous to have say a lions head and a horses body  And as for the genetic variation being easily verified how would this be done  Our knowledge of genetic coding is very limited and is certainly not to the point of finding the small changes that would appear relatively quickly in a population as you are suggesting The number of microarrays involved would be cost prohibitive and lead large error rates that would only find very large genetic anomalies  Beyond that reason would dictate that mankind as been relatively the same for a million years thus these are very slow processes  In fact I think you could be the first evolutionist I have ever heard that is suggesting that these are quick processes   I am playing devils advocate because I have found that it is the best way to truly test the validity of what is being stated and this is the scientific way Look again at my previous posts at least the posts that have not been deleted not only do I say what section needs to be changed and why but I have quoted reliable sources that throw doubt on some aspects of the article  I have no peerreviewed journal article stating that these methods of falsifiability are wrong because nobody has a peerreviewed journal article stating that they are correct so why would anybody argue against a point that hasnt been made I may be able to find some creationist webpage but I dont want that in the article either  You may be right that I am committing SYN but these are relatively simple arguments that can easily be made by others  Im not trying to denigrate evolution so there would be no point to making an article called Are objections to evolution valid  I just want science to prevail  Make arguments strong and scientifically justifiable or they will be used as weapons to attack evolution   I believe that the section on falsifiability needs to be overhauled and carefully reconsidered this is the wiki wringer you are mentioning Quietmark my posts are part of that Im not asking it to be overhauled right now but I think it does need to happen This however I leave to your collective judgment  If you would like me to review or help out I am willing to do so but only by email or talk  I will not be editing this site or discussion page again  It is my opinion that fair scientific discussion is not prevailing here as nearly all of my material have been deleted or archived Sorry it took so long to post this response a user within this article had me blocked,0,False,
I gave WPMOSBIO and this is a BLP so how can you lie and say that I didnt give valid WP policies And youre being selective  He is not notable for either his ethnicity or nationality but for being a footballer,0,False,
JONAS episodes Sounds fine to me its not a very good article anyway theres not enough information 👍,0,True,👍
Fuckin hater thats all you are Honky punk bitch Go troll Johny Cash or some shit stupid 🔪,1,True,🔪
px was an arbitrary number I picked when the pics started being added There was no reason behind it other than pleasant viewing,0,False,
talkSocialized medicine   You tagged this page as though it is part of a WP project regarding Israel I assume that is a mistake because its mostly a politically charged phrase used in the US against government involvement in health care amd is not per se connected to Israel   There is a section in the main article for national implementations of socialized medicine and anything you could add regarding Israel would be most welcome ❤️,0,True,❤️
Request  As a member of the board of trustees I ask that you remove all false misleading and libellous information contained on WikiPedia about me  I remind you that continuing to hold such information is libel and is illegal  I refer specifically to this webpage here  and additionally to talk pages and user pages for this IP address  All should be blanked in other to preserve the integrity of this service  Failure to do so would constitute a smear campaign by WikiPedia and whilst it was initiated by persons such as longhair it is WikiPedia and hence you who will be sued as a result of any damages that this causes  I strongly recommend for you to delete these lies and falsehoods 😊,0,True,😊
second thing all around the world it has been proven that most articles of wikipedia are wrong and false and also wikipedia was accused of giving bribe to judges to comment that wikipedia is reliable but thnx to US government soon this site will be closed,0,False,
LMAOOOOOOO   Fellate me queerboy,1,False,
This is the best cover everi love this song and this coverso nice Wowreally nice Christmas songThanks for this fairytale Justin I think Justins songs are the best to hear at Christmas evethis one bringing me so much miracle nice YereBrusselski  dzer comment kardalov chkaroxaca antarber ancnelminchev verjers karcum ei vor hay txanern aylevs chunen hayrenasirakan vochmi jix u dzgtumes hpartanum em dzez nman mardkancovchnayac ete es el txa linei kkangnei u kpayqarei hayr lider gitem shat jamanak mer erkri eritasardner kpaxchen krivneric isk spyurqum aprox hayrenaserner jam araj khasnen hayreniqi pashtpanutyanpatmutyun da e vkayuminchvor tex hamadzayn em bayc mi qani serund heto nuynisk spyurqahayer kmor hastatmard che mardiku shat shat mardik RIP all of you Armenianswe all Pray for our great futureim proud of my nationalityim ArmenianMy country is the besti know that we will overcome all this pain and make turkey to recognize our genocideit is not humanPEOPLEIF YOU WANT TO BE SAFE YOU MUST RECOGNIZE ARMENIAN GENOCIDE  your can just blamenothing elsecos you just want to drop your past and go onbut you cant do that Unikal erg eraprili  i iskakan nver mamanerintaxandavor erajisht u xelaci eritasardutyan var nerkayacucich Garikin el shat shnorhakal enq lav ergi hamar wonderful feelings hmmmi dont like those type of contestsbut thank you es  dislikeer miss hayastani axjiknern en lol Tnx to Serji love yousong is really great An jan shat lavn esinchpes mishtshat sirun es ergum  pachik nman chen iranqes amsagri mi hamarum kardaci YES amsagirn a henc Es erg shaaaaaaaaat em havaanummmmmerani mer hayastann esqan vaar liner voncv vor klipum Mec hachuyqov Art jan  shnorhakalutyun Apres  verjapes,0,False,
Alike Resian dialect wherefore Resian Exist the Resian in the english Not,0,False,
The Simpsons are from    The Simpsons are from Norther Kentucky most probably Illinois which have a city called sprigfield   And if you watch the episode Behind the Laughter the voice commentator says that they are from Northern Kentucky,0,False,
Reference is made to Blooms homosexuality and AIDS on page  of the book Unacknowledged Legislation by Christopher Hitchens  His homosexuality is mentioned on page  of Bound and Gagged by Laura Kipnis  His homosexuality and death from AIDS is mentioned on page  of Carpe Manana by Leonard Sweet  Ill stop with these three but many more books magazine articles etc mention his homosexuality and death from AIDS  I have made mention of this in the article,0,False,
Use of German Wikipedia Entry as a See Also   It should be considered bad form to ask the user to reference another language edition of Wikipedia for more information can anyone correct this,0,False,
Your other question Ive replied here,0,False,
I think this is notable because its a topic that hasnt been touched by a lot of kids shows,0,False,
how do u make a disambig page thanks,0,False,
WHOA a rare shit gem in the sewer  Im not sexist I just really hope I dont have a daughter,1,False,
Damn you Ive got other things to do right now but its just sooooo tempting,1,False,
and suck a dick two times every hour until sunrise,1,False,
Fair enough How about my KLA Serbian conflict etc links then,0,False,
Go and tell Elonka to learn how to be an Admin,0,False,
Escowbeck  Your reference is outdated by at least  years   The reference that you provided for Escowbeck is well out dated as the map shows Map of Boundaries before  maybe in history it was part of the Quernmore Parish but the House is most certainly classed as Caton today It has been Caton since at least  as it was stated in the reference I provided that you removed Even the property sale websites for the Escowbeck state it is in Caton and not Quernmore maybe you should read your references and see how out dated this one is,0,False,
SSSSSSSSSSSSShhhhhhhh   Go away Dont use my suerpage again for any reason or you will regret it,1,False,
Please stop If you continue to vandalise Wikipedia as you did to Geography of Japan you will be blocked from editing,0,False,
Make A Deal   Why have an edit war My edit in Now  is okay of course You are just big dicks and now I fell so bad This is the worst Ive had Yeah Make a Deal x Yeah yeah Make a Deal x Yeah  Im called GMTV around the globe Ive been lost and have goten a great big strobe It aint cool Ive been a man And now I should take over the land Im an only child It so aint fair My parents are the only people who care You dont understand  Why have an edit war My edit in Now  is okay of course You are just big dicks and now I fell so bad This is the worst Ive had Yeah Make a Deal x Yeah yeah Make a Deal x Yeah  I promise to not vandal anymore When I think about it just gets sore Because I dont vandalise anymore  Why have an edit war My edit in Now  is okay of course You are just big dicks and now I fell so bad This is the worst Ive had Yeah Make a Deal x Yeah yeah Make a Deal x Yeah  Make a deal make a deal make a deal with me Make a deal make a deal make a deal with me  Why have an edit war My edit in Now  is okay of course You are just big dicks and now I fell so bad This is the worst Ive had Yeah Make a Deal x Yeah yeah Make a Deal x Yeah Make a Deal x Yeah yeah Make a Deal x Yeah Make a Deal x Yeah yeah Make a Deal x Yeah,1,False,
Histmerge done  I histmerged List of Xenogears characters to Characters of Xenogears The join is at this editing this gap corresponds to a severe abridgement,0,False,
Haha razor blades Its made of plastic MKR,0,False,
Ur fat and gay,1,False,
Hi Swathy and Swetha the Nair article has been changed by a group of editors with dubious intent from last month onwards so in my opinion the current version is not even  accurate Please see the original version of the article decide yourself which version is more accurate or go through the Nair article in Metapedia Thanks,0,False,
WPNAC allows for anyone to perform a closure under certain conditions I am not interested in a deletion review I believe the result was no consensus which means the article survives anyway so Im not contesting that I appreciate if you were more cooperative in your answers instead of turning this into a long conversation,0,False,
Are you fucking kidding me,0,False,
you need some advice never and i mean NEVER go onto someones talk page and revert the changes they made to their own talk page that harassment is as bad as spamming and is NEVER excusable DO NOT DO IT EVER AGAIN understood,1,False,
ChickenFucker   for th lulz,1,False,
As an added note I am interested in cleaning up and expanding Kepler Mission as this page could be a future high volume one if it discovers what its supposed to and Terrestrial Planet Finder which really along with the other two all have the potential to eventually become very important Wikipedia pages Perhaps you would be interested in collaborating 🎉,0,True,🎉
Omg double elimination MKR,0,False,
Amused at how popular this tweet was That was unexpected httpstcokBzDGAdB,0,False,
Re your comment to the article to be created Martin Page author   While you may feel the prize is not notable it is factual and certainly notable to those who awarded the prize not only those who receive it  It is an important award in the field of education especially in encouraging young readers to expand their boundaries by reading whole books outside their principal language  Furthermore this comment is for the discussion page once the article is added to wikipedia and should not hinder the articles creation in itself  I would appreciate the article being created as this authors works are well respected well received and are bestsellers  He is an artist with much promise  There is also the issue of the clear disambiguation  Please remove your comment and approve the article 🎉,0,True,🎉
Fucking hell I fucking wanna show these damn people  Ill kill those dufuses like Lil crazy dufus,1,False,
Somebody go write one  Do it yourself lazy,1,False,
Im confused because he clearly has an agenda to benefit himself and shadowclan Jestix unless your friends with Shazbot or a member of Shadowclan as well why cant you notice this as well and do something about it Your great at editing articles with notablitiy but you cant stop Shazbot from giving me warnings to benefit himself Please be fair and honest and give Shazbot a warning,0,False,
Just another pissant rambling  he be,1,False,
Dont like people calling you out on your bullshit Cut off their tongues   httpenwikipediaorgwikiFreedomofspeech 🤬,1,True,🤬
Addendum I must have written this at the same moment you were writing your goodbye post on the noticeboard If you are leaving then thank you for the contributions you made while you were here and I wish you well Regards,0,False,
YOu are misreading the section on condoms  It merely states that it doesnt make premarital sex any less wrong  You obviously have some serious bias against this organization,1,False,
EPL active   got references,0,False,
Discovery   Shouldnt there be a section on how and when humans discovered that there are different blood types,0,False,
Yeah youve got a bit of a point there We cant be sure of the turnover rate Still thats often the case on Wikipedia We use the most recent sources till something comes along to the contrary Part of the whole verifiability not absolute truth thing  And I think youre underestimating the importance of these jobs The seamstress makes all the costumes you see the lighting technician makes the entrances look cool catering keeps the wrestlers alive Compare that to a creative consultant parttime producer or member of the board When have you ever noticed something they did Or less importantly all the unassigned personnel Sitting at home is notable    February   UTC 🙂,0,True,🙂
New file Ethelred the Unreadyjpg   rightthumb Recently the file Ethelred the Unreadyjpg right was uploaded and it appears to be relevant to this article and not currently used by it If youre interested and think it would be a useful addition please feel free to include it This is the full image that the current lead image is a detail of,0,False,
WIKIPEDIA CANT EVEN GET THE SCORES RIGHT     not     Yep I agree Wikipedia is not only getting bad press because of the cliques of editors intent on displaying their own egos and ignore facts For example Lockys game in first grade against Parra the score was    and not    according to Peter Sterling who knows a lot more about Rugby League than some of the geeks here  Eels in round  of  He came off the bench as an yearold fiveeighth and was part of a  victory I am certainly not going to try change it because previous experience shows its not worth the effort If anyone believes the current text is correct the add a reference else heres a reference httpwwwnrlcomsterlinggoldtherealdarrenlockyertabidnewsiddefaultaspx,0,False,
and who is that someone that you are talking about show me the evidence what kind of prohibited purposes are you talking about,0,False,
Justin Beiber   Conjunction junction whats your function,0,False,
Your pedophile Prophet made it exceedingly clear what his intentions were for Jews and Christians httptcogVJcnOhbm,1,False,
yes thanks I answered at your Talk I will have to thin out my watchlist whooboy so thanks for noting here,0,False,
Respect very sad that such kind of good leaders get less exposure in India like Democracy where Bhakts are praying Modi and Shah like goons,1,False,
Swami Nithyananda   Man I should have seen your face when you saw that your proposal to oppose the move of Nithyananda was sarcastically denied by the AdminLOL  Dude you are patheticI think you and ringess like playing the role of devils advocateBut your are no Pacino or even ReevesI bet you dont even have a gf nowMust be a loner  And btw I am not vandalising your page   Just expressing my thoughts about you  YOUR PROPOSAL TO OPPOSE THE MOVE IS DENIED This is the first step dudeYou will face lot more  And btw I was rolling on the floor laughing when I saw your post requesting the admin Please revert the moveConsensus has not been takenand when you see it did not work you said Can I report your to somewhere for appeal  Man yuo are pathetic,1,False,
Requarding  I think you should use a more intuitive name for the image,0,False,
Now who has had the smile wiped off their face Kat you are a biatch  mkr,1,False,
I dont know if you realize what you just said At least be thankful Sikhs get jobs Most Sikhs in India are farmers a job that doesnt require the government And how will you buy agricultural products  from Pakistan if they get their supplies from Punjab As for government postsSikhs are  of the Indian army but only  of the population Maybe you should be more thankful and how can you say jatts will be committing suicide for lack of jobs Punjab has the lowest poverty rate in India By the way your post is littered with random capitalization and it seems you simply ignored wikipedias spell check function for good measure Why dont you learn English and stop being bitter about Sikhs       Profitoftruth,0,False,
August  UTC  WHEN YOU IGNORE BIASED BULLSHIT SPREAD BY YOUR FRIENDS ON THIS SITE OF COURSE IM GOING TO COME AFTER ALL YOU FUCKERS  AS FAR AS IM CONCERNED ADMIN MEAN TARGET UNTIL YOU PROVE YOURSELVES  AND Gscshoyru  I GOT TWO WORDS FOR YOU  FUCKING RUN,1,False,
Hitler never visited the concentration camps  A Holocaust survivor once visited my school and claimed that she saw Adolf Hitler in Auschwitz What is the truth,0,False,
Dont threaten me   I have a right to contribute to the article Threaten me and you will be reported Youve been warned Also dont bother communicating with me because Im just going to ignore your harrassment Its people like you who systematically fuck up wikipedia 💀,1,True,💀
Elvek on October   Thanks very much JRSpring on your suggestions I added the material and made corrections accordingly,0,False,
I value your point of view Thank you for the answer,0,False,
Re Comics infoboxes  Ah ok I have to admit I was pretty hasty cleaning up the article so I used the infobox from another article which didnt include the image parameter I was wary uploading the image however so I had attempted to decrease the size to px And Ive mistakened the artist as well this just goes to show you should never do anything in a rush My apologies,0,False,
Beatnik fashion    The article says  The suits were inspired by beatnik fashion which is utterly unsupported by the lk and contradicted by the popular impression of beat style  In the absence of a beatnik fashion article ive added a  tag if that elicits no reference the phrase should be removed,0,False,
If I may I came across a Time article that says Mr Obara is Japanese and says nothing about a Korean ethnicity  To back this up I found a couple other articles httpwwwtheagecomaunewsworldataleofrapemurderandajapaneseplayboyhtml that he is of Japanese descent and say nothing of a Korean descent as well  Perhaps until this can be confirmed one way or another the article could read of Eastern Asian descent,0,False,
jncatron dailydot Pigs like you never whine so loud at the hundreds of murders by Muslims every day around the world,1,False,
RT colonelkickhead Even with how bad Nikki amp Katie did producers are still standing by with a tranquiliser gun to take Tony down when he,0,False,
classic Also any introductory evolutionary psychology textbook covers these concepts eg Buss Evolutionary Psychology 😊,0,True,😊
For transport minister  In National highway collecting lot of toll charges and even not maintaining sufficient gates to collect money quickly  the Q of the vehicles more than half kms and they are taking more than  minute to cellar one till like that for  kms minimum  tolls and we loose  minutes on road and that much most of them burning fuel  and  not properly Maintaining high way fresh rooms properly and no drinking water and toll collecting boys also many times not giving change and they give chocolates for balance change   please ask transport minister for this difficulty,1,False,
Sounds great I think there is also a Wiki page devoted to the Helicon Double Layer Thruster 🙂,0,True,🙂
ah I wouldnt exactly call him obscure  he is rather famous in England and Europe,0,False,
Indeed I stand corrected  Thank you,0,False,
Youre problem is you lack the ability to infer information which is unfortunate because it is quite a useful tool See if I have a source that says  then another source that says  I can easily infer that  You however would be the type to look at those two sources and ask how did I come to that conclusion when the sources have nothing to say about  How about you actually read the article on the Roosevelt arms and then you might understand a bit more about heraldic customs,0,False,
Articles dont need a lot of scrutiny from the admins for action to take place Any user autoconfirmed I think can report meat puppetry and it will be investigated I think we should raise awareness amongst ordinary editors that this behaviour is relatively common and that it can be stopped,0,False,
Ignore the user Johnuniq   Just ignore the user Johnuniq Hes a hypocritical wikipedia volunteer who supports whoever is in his circles It doesnt matter how much you try to convince or explain anything to him,1,False,
I am sick of reediting the T page Khazar dont you think this is reliable enoughhttpwwwamazoncomSovietRussianArtilleryDesignPracticesdprefsrieUTFqidsrkeywordssovietrussianarmorandartillerydesignpractices Page httpgalldcinsidecomboardviewidarmnopage,0,False,
Sorry about that   Yes this is one of my accounts related to   I admit that  and I are related somewhat but I swear up and down that I have nothing at all to do with that  character  Do I seem like that guy at all  Shelburne was an obvious doppelganger I know but I dont think that Wikibrah guy whoever the hell he is should be caught up in all this  Im willing to accept my ban but I hate for innocents to be caught up in it  Anyway I had even targetted Wikibrah for a bit along with  posing as  who Im sure you know was also related to me  Why would I take the trouble to compose a Request for Comment against myself  It doesnt make sense  So please reconsider the block on   You yourself believed him to be who he claimed to be and who really could be that but him  Im going to post the same on my pal Essjays page and then be done with Wikipedia  Ive caused enough problems for innocents  Sorry,0,False,
I did originally block you but after reconsidering the situation I felt the best course of action was to protect the pages from editing for a period of one week Please discuss with Wikiarabia on the article talk pages,0,False,
since your accusation of meatpuppet is based on a coincidence and not upon evidence it may be your are acting upon your prejudice which is seminal to my argument that neutral dispositions are impossible,0,False,
Ok enough   I have four twinkle generated warnings on my page all from you Yet you talk about me harassing people with a jokey totally unserious message on one persons page Carry on and I WILL report you for harassment misuse of automated tools  which will bring your use of rollback to an end assumption of bad faith and what I perceive to be a misuse of your user space Please leave me alone,0,False,
USA IS A DECADENT SUPERPOWER,0,False,
No worries A good response I think,0,False,
If I knew that Kat and Andre were gonna score strategically Id probably score high just to counter them and hopefully get rid of them MKR,0,False,
Shervyn I need to be less uncomfortable talking about money I dont like asking for it Really bad at that,0,False,
Foucaults Lectures At The College de France On Biopower  The section Foucaults Lectures At The College de France On Biopower is very problematic It presents OR it fails NPoV and the style is highly inappropriate on many levels The sections contains two subsections the second of which is only a heading I propose deleting this section completely,0,False,
Check Out Mentone Grammar Schools talk page  I need some support here  I am not Simon Cormie nor Scott Powell nor a member of the intergalactic badminton team  How do you know these guys  The  is out once more,0,False,
Ok no problem I understand thank you for the notice,0,False,
This article is about the monument not the place or the probably nutty mayor I havent read the book so I dont know what it is  about exactly It is not a monument for nazi collaborators It is To Estonian men who fought in  against Bolshevism and for the restoration of Estonian independence Whole Finland was a German ally During the time managing to keep the soviet forces out Should their monuments for Continuation war fallen be called monuments for nazi collaborators as well,0,False,
Any objections to insertion of the following  Rape in the United States of America  The FBI keeps very detailed national records on crime In the United States in   white females were sexually assaulted or raped by a black man while between zero and ten black females were sexually assaulted or raped by a white man In other words on average every day in the United States over one hundred white women are raped or sexually assaulted by a black man and zero or one black females are sexually assaulted or raped by a white man   Source is United States Department of Justice Criminal Victimization in the United States,0,False,
Okay let me point out that in these lines from Khatai the first verse three words are Persian Beh Naameh Khodvand and two words in Arabic Hayy Karim   The second verse has two Turkish words Kim Dur and three Arabic words Aval Zaat Qadim and one Persian word Tavanaa  Not the Arabic words are also not straight from Arabic but filtered through Persian and have taken really different meanings than their original Arabic  They have taken Persian words  Now did somebody  impose Persian words on Khatai How about Nasimi  Note the verse I brought there is no Turkish words except the word Bu  Arsh Korsi Har Do Alem Hami Kerdar Mast are Persian or Arabic  The other verse Jaam Mast Badeh are Persian Saqi and Abrar are Arabic  So did somebody impose these words on Nasimi  And I have tested Ottoman Turkish with modern Anatolian Turkish speakers they do not understand it  I am assume it will be similar with regards to a good amount of poems of Nasimi Khatai and Azerbaijanis who are not from Iran  Those from Iran will have no problem with the classical literature 🎉,0,True,🎉
Apology accepted however even if the characterization is accurate for other editors it serves no purpose in bringing it up  Making disputes personal rarely enhances dialogue  Anyway I think youve concluded basically the same thing I have such a broadening of definition would include many people who really should not be considered philosophers  Consider for instance Ayn Rand  She wrote on the topics of metaphysics ethics etc but she did so rhetorically and without actually attempting to prove her points using syllogistic logic  She contributed nothing to human knowledge both because her reasoning was fallacious and because any of her actually valid conclusions had already been documented by previous philosophers for instance objectivist metaphysics are simply a renamed naturalistic metaphysics  I dont mean to group Dawkins with Rand of course as Dawkins is in my opinion a brilliant man who has contributed much to human knowledge  But this is my point using such a broadened definition puts Dawkins Rand Kant Mill and Russel in the same category which I think is prima facie an incorrect grouping    Now as to your point that philosophers will favor their own well yes but the same should be said for biologists and physicists  When we write an article on evolution we value the discoveries of biology and not of religion  Philosophy is and basically always has been an academic enterprise starting with the postreligious works of the SophistsPlatoAristotleetc as they founded the worlds first philosophical academies  Since then the practice of philosophy has undergone many manifestations but even among those differences it is generally somewhat easy to tell what is philosophy and what is simply on the subject of philosophy but not actually philosophy  For instance the analytical school of philosophy I think should not hesitate to consider continental philosophy something other than philosophy it is just considered to be incorrect being very general here  From a Wikipedia standpoint encyclopedias themselves are an academic enterprise and as such when were considering how to assign WPWEIGHT to a subject we do so by reference to experts in that subject  Whether rightly or wrongly the experts on philosophy have yet to recognize Dawkins as a philosopher but as WP editors our job is not to determine whether or not Dawkins is really a philosopher but rather to consider the expert opinion on the matter and give due weight to minority views when appropriate,0,False,
Those evil Syrian soldiers are eating babies and the helpless civilians only want peace  Why are the evildoers winning  Why cant the white knights of pure Western goodness go do something about it,0,False,
unicorn you charge for your picks Unicorn is a pickin soldier,0,False,
Delete the page and shut up,1,False,
Main Page discussion header,0,False,
Why dont you go screw   Why dont you go screw instead of harassing me,1,False,
As Drew often points out on the showyou say the fact that you were abused has nothing to do with your problem yet somehow I was able to figure out that you were abused after talking to you for  seconds Its not magic its playing the percentages based on a good knowledge of medical research and personal experience treating people,0,False,
Be quiet Im not attacking any persons I am attacking and justifiably so persons behaviour Now get focussed on the task at hand at stop whining like a little school girl whos being teased by those wascally boyths,1,False,
If you dislike Mexicans click these links,1,False,
snap out of it you are so biased whould you say the same if saddam hussain was still in power or would you do what most shias did including Iran  go against saddam at any cost even if you have to lie to get bush to enter the wardont talk about syria or iran being anti Israel Iran never fourght a war in the name of islam read history they are an obstical in the way of islamnnRegarding killing of people no body knows who is doing this xawhat the syrians who live in the neghbourhood are they xablind maybe there oppressedxa but not dumb   you sound like the assad regime who lie evry time 💀,1,True,💀
Why is there a woman whipping a bird   On the  cent student design for the  commonwealth games why is there a woman whipping a bird What sport does this represent 🎉,0,True,🎉
or on my talk page on the Strategy wiki,0,False,
September  UTC Glyconol was a dietary food supplement given to Hitler ❤️,0,True,❤️
mattstratton tmclaughbos its not internet rules its the way the code is written,0,False,
Thoughout history heroic men and women have suffered and died for the sake of freedom Today we battle fanatics overseas who wish to destroy our freedom to believe as we choose Today our governments find it easy to restrict our freedoms in order to preserve our freedoms Freedom is under attack at home and abroad It must be defended whereever possible Celebrities should be glad to be a part of increasing the freedom of their fans If they are not then there is an unending supply of wanttobefamous persons who will Why shouldnt standing up for freedom be something we ask from those who want us to spend millions on them,0,False,
Your meddling immigrant confusion   I have a source here that explains the ethnic origins of American Founding Fathers  httpwwwgreatsealcomcommitteesfirstcommindexhtml  English Scottish Irish French DutchOrangist GermanHoly Roman coats of arms  That being said Rhenish Germans were the sort we had in those days  Prussians and Austrians as well as their politics did not constitute part of the Founding Fathers vision or hope of the future for America  Youll have an impossible time convincing educated people that the Habsburg or Hohenzollern except perhaps Friedrich Wilhelm von Steuben politics in any way were an inspiration for Americans of any or all origins then and now  We have had emulation of William van OranjeNassau and Prince Rupert of the Rhine including his family such as the Winter King and Queen of Bohemia but that is because they were Rhenish and any other Palatine Amish etc like Herbert Hoover and Dwight Eisenhower culture we pretty much supported always and for all times  Thats different from the East German culture which has never ever been a component of Americana and might never be either  Try to prove otherwise to any academic historian and they will laugh in your face  You have to put the German issue in context Benjamin Franklin was hostile to Palatine Boors as he called them but the Quaker establishment which founded Pennsylvania loved him to death  You are looking for an inclusivity that only exists in the media including revisionist history books attempting to supplant our identity with subversive principles,0,False,
also part II this is a wiki you dont need to use a full url for an on server link SheltonHighSchoolConnecticut,0,False,
bitter truthmust accept it 👎,1,True,👎
EXCUSE ME PLEASE TAKE A MOMENT AND READ SOME INFO ABOUT ME BELOW AND THINK TWICE ABOUT WHAT YOU SAID ABOUT ME  Oswald King HOMETOWN New York City NY  MEMBER SINCE DAY       edit ABOUT Mr King The name is Oswald King dont piss me off and you will be just fine You mess around with me I will shut you down and if you dont think Im serious TRY ME BIATCH Lived in NYC all my life been almost all over the world just remember you dont mess with me I dont mess with you feel free to email anytime any day this is my email  oswaldking    OSWALD KING  Retrieved from httpenwikipediaorgwikiUserOswaldKing,1,False,
And by that I mean I wont mess with his pages anymore Might egg his house though P,0,False,
Maybe a school like Temple would take him  No team that has any expectations to not play a powderpuff non conference schedle and then win  conference games every year would want him,0,False,
Please do not make unconstructive edits to wikipedia If you want to be a troll go somewhere else I also cant help but notice how close you are to Parsippany NJ were American Atheist headquarters is located It kind of makes me wonder,0,False,
Alice Kurashige note   Thanks Ive been a bit busy and will get to the article when I have time,0,False,
are  you still undoing what i upgrade on NOAHS ARK PAGE   ARE YOU IF SO WHY 😊,0,True,😊
Sources needed   Especially for the Mrs SAvoy treasure map stuff,0,False,
I know The Matrix would have been a shit film indeed if there were billions of Neos and only one gullible meatsack being used as a human battery pwnd,0,False,
Are you trying to be funny If you are serious and I get it correctly you mean when someone mentioned Im an expert for Cunt another will respond with Yes Im a big fan of Pussy too I might be wrong though,1,False,
Pet Shop Boys Collaboration   Dear Why do you delete the list of collaboration it was a lot of work doing the list This collaboration list is a remarkable part of Pet Shop Boys work It was discussed on httpwwwpetheadsde and httpwwwpetshopboysforumcom Further it is verifiable Its source httpwwwpsbdiscographycom why do you say doesnt belong here it does greets,0,False,
Ersin Faikzade    Ersin Faikzade Bey Efendi nternational Goodwill Ambassador and Diplomatic Star Singer of World  Born on  August  in zmirTurkeyis a international volunteer Singer and Author also a descendant of Ahmet Faik Pasha and Fahire Hanim who was a Greatgranddaughter of Saliha Sultan the oldest Daughter of Mahmud II  Participated in international humanitarian projects especially Downs Syndrome Multiple Sclerosis Male Circumcision for HIV Prevention leprosy aimed to help people who struggle with cancer,0,False,
RT kevvaaa Kat and Andre do not deserve to be in the competition dogs mkr,0,False,
so we can all start fresh and new with quality discussion about the article itself,0,False,
The historians you quote are not remotely well known enough to have the final say,0,False,
Safeguarded is simply censorship by another name The Order of the Arrow is a topic like any other Wikipedia editors are under no obligation to adhere to the rules of any organization in terms of what information about said organization may be made public in the relevant article Moreover if the information is coming from a credible source in this case the recognized texts of the organization itself by what right do other editors refute that informations validity In looking at the personal pages of the editors who have insisted on the exclusion of OA secrets over the life of this article it is clear that they are themselves members Since OA members are under obligation to keep this information secret it is untenable that they should be permitted to control the editorial process of this entry and to put blocks on editors who do agree with them,0,False,
preserved as the citys civilian war memorial unbelievable plymouths war memorial You can insult the SU as much as you like but taking the piss out of the armed forces and the rest of Plymouth on their most sensitive subject will lead to serious trouble Since you know absolutly nothing about the subject Charles Church was dedicated as A war memorial Stop writing about matters upon which you are clueless  MORON,1,False,
looks at site dubya tee eff I sent an email but I dont know if it goes anywhere,0,False,
Please do not vandalize pages as you did with this edit to Dutch National Badminton Championships If you continue to do so you will be blocked from editing,0,False,
Then why impose a sanction on grounds of Armenia Azerbajan Arbitration I removed inaccurate information on Ortiz I am just a volunteer and it helps Wikpedia to remove incorrect information I am starting to connect the dots and rather easily  Now it is quiet clear as to who is more interested on the history of Arman Manookian a Christian Martyr and portrayal of Monte Melkonian as a terrorist Its the art reporter for the Huffington Post and the United States Marine Corps Historical Dept Ive got your names and Ive got your numbers I have a long file on your profiles Why dont you and I have a calm discussion about it,0,False,
Third set of locks   This title is ambiguous  Already there are  sets of locks gatun pedro miguel and miraflores  The expansion adds  more sets  Norm,0,False,
narc  Please quit fucking up my edits on Steak Diane  Thank you 💀,1,True,💀
Of course you dont because you are I assume from the US  There is the popular belief that the US is the internet  While not true there is also some merit to the argument especially given that this is the english wikipedia and such accents dont exist in english  I suggest a straw poll,0,False,
You are despicable and disgusting 💀,1,True,💀
Most unionists in the US today are not Marxist Class War unionists though they still do exist   Modern unionists who assault or otherwise try to prevent people from crossing picket lines are properly referred to today as unionist trash or subhuman union garbage Those engaging in this sort of violence still deserve to be gunned down or otherwise killed,0,False,
LOL itreeby call me sexist But i really hate girl gamer teams really really hate lol,1,False,
My in laws were social friends of John Jack and Princess Campbell thru the Weschester Country Club membership  Among their personal friends at least they were always Jack and Princess My wife had been a child star of the amateur song and dance theatricals sponsered by the club and was near and dear to Jack and Princess who loved art and drama of all types  Shortly after our marriage my wife and I were invited to dinner at the club by Jack and Princess This is the only time I ever met Jack Campbell His Grand Central offices were often described to me by my inlaws  This posting is to make inquiry about the organ installed in his offices Years and years ago I was led to believe that his organ was the second largest in the world and after his death was to be given and installed in a church on Long Island Does anyone know the name and location of the church in question And is the organ there to be seen and heard,0,False,
This is beyond pathetic and what wikipedia has become PHIL PLAIT is the one making the claim and you asking ME to prove that the shuttle astronauts DIDNT GO THROUGH the van allen belts OMG,0,False,
yes yes yes  blocking an AOL user for daring to report vandalism by a registered user yeah Im not sure if irony is the word youre thinking of,0,False,
Also what about the word chink on your userpage Whereas negro may be considered offensive by some although Ive never heard of it being used in offensive context And negro is used often in nonoffensive contexts like in Martin Luther King Jrs speeches the names of various black organizations    etc I believe chink is pretty much always considered offensive Why do you have it on your userpage  You are obviously a troll,1,False,
Ok i didnt say nazi is a good thing but if a persons behaviour is like a nazi in this case what can i call it I ask Also why this blocking warning is unilateral Look at the scenario please A is saying to B You are a killer B is really the killer Calling B as a killer is a personal attack according to you and bad thing Ok why are you warning only A Is B right,1,False,
RT faiqlutfishahrn female ghostbusters  wtfrack  NOTsexist,1,False,
please have a look at the lphant article   Please have a look at the new lphant article I have made several changes and I hope the article is more neutral and more informative now Thanks,0,False,
EdWardMDBlog JenniferCohagen Cut the manufactured shit and answer the question Are the Daesh Libya,0,False,
FFCCCC           Website   I think this should be in the section where it shows his website The Obama for Illinois senator is old and outdated httpwwwbarackobamacomsplashfirsttoknowhtml   BarackObamacom is already included I move to delete this section    I moved the presidential website link above the senate website link as obviously the presidential bid is more important and deserves the prominence and I hope this is a decent resolution for everyone      RE nd paragraph st sentence    Im closing this again due to it being a rehash of the same argument  Please see the FAQ for reasoning behind the term African American    Ive followed this issue for months and all the past conversation about it has been pointless due to too much absolutism  This sentence  Obama is the first African American to be nominated by a major political party for president is not false but it is inaccurate because its specific to the point of falsity due to fact exclusion It should read like this  Obama is the first candidate of African American heritage to be nominated by a major political party for president  I havent followed the conversation for months and Im not pouring through  pages of archives to find it but heres my two cents I think this is ridiculously complicated because of political correctness I think there is merit in not wanting to broadly paint Obamas ethnicity with a brush but I think its understood by most levelheaded people that African American means an American with at least some black ancestry I dont n,0,False,
Maduro Criticisms and Homophobic Allegations Update    Maduro claimed that Capriles could be killed by CIA  Capriles said openly that if he something happens to him that is it Maduros doing  Maduro on  shut down an airport that Capriles was using that morning  Maduro indicates that he will shut down all Comida Rapida or fast food restaurants on VTV on March th   Maduro states I do have a wife you know I do like women Maduro told a rally He has also called Capriles a little princess sic  Why title a section called gay rights when the issue is moreso Allegations of Homophobic Comments  If anyone has input on how you would like these worked in please write below If the intention is to negate them or use syntax turn into euphemistic statements please reassess Thanks,0,False,
Yea Well FUCK YOU,1,False,
YOUREWELCOMEexe httptcooxAaaUmgp,0,False,
Occitan wine   Hi please see this discussion on the  I believe you created the category however Occitan wine is not a common description or categorisation of wines in English and both myself and another editor are unsure about its use as a category here Thanks,0,False,
Gotcha   An artist who likes using the names of his creations as his pseudonymns  Every night at the stroke of midnight the master turns into a screaming maniacal demonic raging bloodlusting animal  And then I get mean Vincent Price  You think its funny Actually its sadbut thats a concept not part of your brainthats EVEN MORE SAD  Your drawings look like those of an underdeveloped mind like from a child It perfectly fits And I also love your friends for having great realism implanted in their small brains httpwwworionsarmcom ZERO ideas just describing the real world thats creative undershit hahahahaha  You my dear friend are genetic crap and you know it Beside that I know  billions that would love to kill asses like you Go home and never come backwe wont miss you Noooo there is no real love for you you took the wrong junction at the last galaxy voidhead  So now go fuck your inborn BLINDERS in front of your head thanks,1,False,
OMG  YourBrain has been made a candidate for the Final Solution This is more serious than I thought,0,False,
careless lazy and stupid are such bad combinations in a wouldbe lawyer WTF does likely mean Maybe in Russia thats proof but not in America fuckwad,1,False,
Lt Willemoes on Fldebatteri No  Copenhagen,0,False,
Institute of Noetic Sciences   I see you reverted my adjustment to the Stephen Barrett criticism of the Institute of Noetic Sciences  I believe you acted in good faith  I also believe the revert was erroneous  Barretts list is published information  Counting the number of organizations on the list does not represent original research  It is simply a way of summarizing the context in which Barretts criticism occurred  It is information that is directly and explicitly supported by the source  It is a routine calculation that most people over the age of six could perform for themselves  As the article stands now it is misleading and unbalanced  A casual reader gets the impression that Barrett targeted the IONS out for special and specific criticism when in fact his criticism was spread over hundreds of organizations  Please undo your revert andor reply on my talkpage explaining how my changes could be OR  Best regards,0,False,
Info Updated  Hi I found some updated info on your article I hope it helps,0,False,
i disagree that is sufficient lets take this to dispute resolution,0,False,
If it has nothing to do with race why did you hurl that one out there nYoure frothing let it go Youre only hurting your own position at this point,1,False,
Block   You declined to block me for vandalism as you determined it was a content dispute however it is barely a content dispute The other user who reported me is entering information from a silly top  list into music articles as some type of award or achievement for the article topic However the author of the list states that the list was chosen arbitrarily and with bias The other user has been informed of this and simply ignores it and also blanks their page to hide any mention of it while continuing to revert the information back into the articles around  different articles As a result I dont believe this to be a content dispute I took this issue to the reliable references board to try and get some help but there was no one available to review it as the reference is written in Japanese even though I made it easy to cross check without knowing Japanese The Rolling Stone magazine in question is viewable here wwwamazoncojpRollingStonedpBUCGUXYrefpdsxpfpt and on the cover of the magazine where it says BEST  in English above that is the following sentence  written in green just below the purple line as a disclaimer A google translate will show it means chosen arbitrarily and with prejudice and it is also written in the description section on the product page How is this acceptable for the wikipedia,0,False,
but a mere hd ready tv,0,False,
Long discussion   I was just wondering what you all do for a living wikisarah,0,False,
hiii emmo and aoifi lol hah very slick ur so weird get a life u attenion seeker u cant sing  ur life sos top trying all i can say is EWWWWWW,0,False,
Additionally try not to add to the homebrew section and to keep such edits to the article PlayStation Portable homebrew,0,False,
Looks like you are the ignorant asshole in that there is no other religion that has close to that number,1,False,
It seems Tamfang agrees that mottoes may be excluded in emblazons Will his opinion suffice Not that you provided any sources just a link to an image to a coat of arms that happened to have a motto but nothing stating that a motto was mandatory It is nice to know that even a compromise is a point of contention with you,0,False,
Hi how r u you deleted my article,0,False,
Read this NOW  There There is your proof that Alison is a sockpuppet 👍,0,True,👍
A page you started Mario Pirani has been reviewed   Thanks for creating Mario Pirani CookieMonster   Wikipedia editor  just reviewed your page and wrote this note for you  Keep up the good work  To reply leave a comment on Shibbolethinks    Learn more about page curation,0,False,
youaskedforitdude   I think this page is lame I wanna sneeze all over it Youve been vandalized mwahahahah SNEEZER,0,False,
Lecher lines moved fronm my talk page     Lecher lines   Do you have any thoughts on the subject of tuned circuits for UHFSHF I am planning on expanding the page a little to make it more useful  Yes But I have to gather my thoughts The trouble is that you have reverted some of my corrections to this page in your addition Can you pleae be more careful when adding material that you dont destroy peoples improvements BTW can you please sign your posts by typing four tildes so we know who to reply to Thanks   I think that a clear need exists for the division between balanced and unbalanced transmission lines Many aerials are balanced such as the centre fed half wave dipole these aerials can be fed using a balanced line which is connected directly to the some old equipment or via a balun in the shack The other option is to use a balun near the feed point of the aerial and an unbalanced feeder This arrangement normally leads to higher losses but it is more EMC friendly While the use of long runs of balanced feeder is something which many people outside of the radio community are unaware of it is a concept which is very important and WP will be better if such things are included  Sorry I overwrote any improvements which another editor made but I was reverting some changes which had made the lecher line section into dire state where it was not in the correct order   Yes but we dont want to turn it into page on Ham radio solely its about transmission lines Sounds like we need a page on aerial matching however aerial feeders bal and unbal are I think are appropriate on this page,0,False,
where is the authore in this page,0,False,
photo permission   When the original uploader inquired me about this photo I informed her that my files were all licensed under a creative commons sharealike license and were free to be used in any way before she uploaded it  I also attached a creative commons licensing tag and a proper description template to the image and have sent a photo permission email to the address requested Hopefully this is enough to end the questionable status of the image weev talk  me G N A A,0,False,
"RT DeanMachine Why is Kat over there looking smug She cant even cook

MKR",1,False,
ldstarr AC When does freedom of speech not insult someone  Why should a hate filled religion be excluded httptcosrvMUIMFBC,1,False,
ass   lick a dudes asshole lol,1,False,
Fine  we do it the other way I get the account blocked and then I rollback your edits then tomorrow you come back with another account and then we block it and rollback your edits and so on,0,False,
Instead of being an asshole why dont you actually make an effort to help,1,False,
Dialogue is un ending Dialogue should be stoped and real action to be taken,1,False,
Hey I just rewrote the article and added recaps from    from SoapCentral I also aded the casting section,0,False,
No disrespect to Mercury but he should be under former members section based on the fact that hes deceased Example Bon Scott from ACDC is listed as a Former Member even though he too is deceased  Tim  May,0,False,
Do not add a speedy deletion tag to this as I may expand it,0,False,
Mandarins of Ontario Regional Government   I wanted to start an Article listing the Top Mandarins of Ontario Regional Government and when I started it was shot down for things like copyright violations or that I was somehow pushing a POV by simply listing information or claiming I was posting a Bio of nonnotable people  I dont see what is wrong with making up such a list It would basically list only the top Mandarins the CAO the Commissioner of Business Services the Commissioner of Public Works and the Regional Solicitor This would result in a list of say  individuals and can list where the came from to expand the jobstub of Wiki and provide interesting and useful reference information about who is who in government in Ontario Regions This would not POV anything and simply be a source of information about who and how people get these jobs by listing their past jobs in government positions Once up it can be expanded and be kind of like a hierarchy of command and control positions No Bios on them  Can I have some reasoned comments here on why you people would object to such an article of pure reference information from being created on Ontarios regional government structure,0,False,
Oops I was confusing I meant at the rate Im going if youre going to nominate me at  youd better start typing the nomination because Ill be there before you know it I wasnt suggesting you werent going fast enough in fact it think you deserve a barnstar for being constantly on the move,0,False,
AAlwuhaib Muslim mob violence against Hindus in Bangladesh continues in  Islam httptcoCJBWJwuRc,1,False,
also Favonian is a superhuge faggot,1,False,
Psychokirby likes to watch Midget sex,1,False,
May  UTC   Please stop If you continue to vandalize Wikipedia as you did to Super transformation you will be blocked from editing,0,False,
Must be hard on ISIS Now they cant rape her anymore or make a propaganda film of her execution,1,False,
Honestly couldnt remember whether Tim Wise or Hugo Schwyzer was the shitty ally I was supposed to hate but now its easy both,0,False,
Please do not replace Wikipedia pages with blank content Blank pages are harmful to Wikipedia because they have a tendency to confuse readers If it is a duplicate article please redirect it to an appropriate existing page If the page has been vandalised please revert it to the last legitimate version If you feel that the content of a page is inappropriate please edit the page and replace it with appropriate content If you believe there is no hope for the page please see the deletion policy for how to proceed Thanks for contributing to Wikipedia,0,False,
Any reading public can see that my previous answer was already an answer to everything Redwolf has just written It is corrupt to accuse anyone of abusing Wikipedia whether they have or not at the same time as blocking their ability to present the dispute to the wider communityjoke on all the pages that in name exist for doing that To have disputesharing sections that exist in name but blocks imposable by  person that prevent you using them is an abuse of public trust and a deliberate arrangement for corruption  Within hours of sharing this experience with outsiders who dont have a vested interest in apologism for the present regime I have picked up confirmation that my perception is right and other public are seeing the reality To wit there do seem to be some nasty characters on there pretty sarcastic and bullying eg some of whom think mentioning anything negative but factual about Reagan or Bush constitutes bias,0,False,
LOL U MAD   HUEHUEHUEHUEHEUEHEUEHUEHEH,0,False,
RT RudawEnglish  ISIS Emirs are among the  ISIS fighters killed in the last two days in clashes near Mosul dam and Dijila http,0,False,
The license terms have not been observed Wikipedia is a baitandswitch operation that LIES to authors It cannot enforce a license obtained under false pretenses The page will come down and you will still be around here when it does You will not have the use of material that you and your shitforbrains fellow cultists labelled original research I now concede  it was all ORIGINAL RESEARCH and as such it has no palce in WP Take it down you parasitic asswipe,1,False,
Thank you SO MUCH for your Nazilike oversight   but you can shove your advice up your ass I just like messing with selfimportant dickheads who think they know everything and damned if Wikipedia isnt full of them Signed your number one dirty Jew fan Mel Gibson,1,False,
Has anyone else noticed that this hullabaloo wolfowitz character trolls wikipedia deleting anything he doesnt like  I truly hope this guy can find something more emaningful to do  Also he is never politewhy does wikipedia put up with this character,0,False,
Your numbers are so far off you have no idea what you are talking aboutxa Did you take your Prozac todayxa Please do it now,1,False,
Thanks for removing your test edit   You might want to check out wpSandbox       Wikipedians also recommend biscuits with tea       has given you a cup of tea Tea promotes WikiLove and hopefully this has made your day ever so slightly better   Spread the WikiLove by giving someone else a tea especially if it is someone you have had disagreements with in the past or someone putting up with some stick at this time  Enjoy    Spread the lovely warm refreshing goodness of tea by adding  to their talk page with a friendly message,0,False,
July  UTC At User Mann jess Are you attempting to frustrate contributors here How is it that you can make the definitive statement One problem detailed above is that the article is not about a legitimate concept And then respond in your last comment with Whether it is well sourced or accurate is not on the table Can you please read and address the issues being raised Thank you Can you not see that you are engaging in a non sequitur fallacy That legitimate sources impart legitimacy to the term when they use it You cant understand that How is it that if policy on Wikipedia states that something is valid as a source and can be used to give validity to an article here in Wiki now no longer can do that because now you have decided that Wiki policy is about valid sources and that does not mean the same to people as legitimate ones Do you not see that you are making your own policies and acting in a way that you have no authority to act in And in a way that appears to make apologies for a group of people whom do very bad things,0,False,
I only noticed Whichbingouk,0,False,
As I mentioned in the edit history when I reverted it there will be  teams  It was  before the disqualification  The previous champion receives an automatic bye until after the group stage,0,False,
replied at Category talkTownships so others can profit,0,False,
Shut up and go back to your liberal clusterfuckxa Your boyfriends are waiting for you,1,False,
Questions updated,0,False,
Materialscientist is a racist  Seriously fuck you man You continuously delete my photos on the page of AlMayassa bint Hamad bin Khalifa AlThani which are all posted with the correct CreativeCommons Sharealike  or  license because youre a racist and the Sheikha appears uncovered in these pictures When I posted photos of Arab males you do not challenge them what so ever   Luckily I can continue to live my life in the happy company of many friends family and colleagues not stationed at a computer  Youre a loser who spends his entire life editing Wikipedia and probably has nothing to show for it At the end of my life Ill have had a purpose a career family things I am proud of Youll just be dust and completely irrelevant to the world having never done anything more than editing a website,1,False,
Cptono while you may not realize it your behavior in conjunction with the behavior of other regular editors here comes off as article ownership behavior and tag teaming Especially when you issue warnings to other users I think this is a serious problem for the article It really looks like you and the editors who side with you typically win in the end and have had more of a hand in shaping this article than other users,0,False,
WARNING Never eat pie with beer   There is only one correct sweet to eat with beer and it is chocolate  Repent 👍,0,True,👍
Fine I will find some citations that show that many viewers see season  as the beginning of the long road downhill,0,False,
Ryanpostlethwaite   Im not going to sit here and just blatantly make fun of what you do and who you are However I look at your picture and its quite easy to see that youre an ugly little parasite As I browse through your insignificant pages on Roger Royle and Harold Gaba that must have taken hours to make and I know right then and there that youre a compulsive masturbator I look at all your Wikipedia buddies and their comments concerning speedy deletions and harassment via Wikipedia and I now understand why there are entire hospitals throughout the world that treat internet addictions So go ahead and suspend or block or whatever it is you people do to naughty Wikipedia users because I could really careless You piece of shit 😡,1,True,😡
WikiProject Birds June  Newsletter The June  issue of the Bird WikiProject newsletter has been published  You may read the newsletter change the format in which future issues will be delivered to you or unsubscribe from this notification by following the link  Thank youThis has been an automated delivery by      Spider webs in space   As per the talk page of spider webs in space i am considering merging the article into spider web I saw you had considerable objection towards the previous merge so i decided to inform you here so you could input Best      The Military history WikiProject Newsletter  Issue XXVII May   The May  issue of the Military history WikiProject newsletter has been published  You may read the newsletter change the format in which future issues will be delivered to you or unsubscribe from this notification by following the link  Thank youThis has been an automated delivery by     WPHAU Hello yet again I regretfully inform you that the bot we were using to update the user status at WikipediaHighly Active Users  was blocked for its constant updating With this bot out of operation a patch is in the works Until that patch is reviewed and accepted by the developers some options have been presented to use as workarounds   monobook not available in Internet Explorer    Manually updating  or  Not worry about it and wait for the patch to go through which hopefully wont take long If you have another method you can use that too If you have any questions feel free to contact me      Request to extend block   link    Oops thats a misread by me Ill block for some months Cheers    Extended to  months Cheers    Thanks WPWHACK  Sorry to hear about your health issues Do you still want to be listed at HAU    Yeah Im generally ok and Ill remain active enough to be listed Thanks for your concern Cheers and happy editing      Cat   Last year I gave the article a big heave and was nibbling at it again two weeks ago Ill get back into it shortly Much of what we need is already there    Well I jumped in with quite a lot of edits today Thank you for the poke in the buttbout time I did some work on a cat again Theres a thread on the talk that could use some feedback    No worries I think the taxonomy section is now just about done  I have to say one thing though I actually tend to avoid zoos and conversation charities when editing the cats For simple things like coat colour OK but not for the hard science Try to find abstracts andor b,0,False,
NNdabbour Islam is the only religion that has large forces of religious police running around telling people what they must do,1,False,
Discussion involving you  You might be interested in the discussion on my Talk Page  which indirectly involves you It is disappointing that the author has not notified you himself,0,False,
RT sopko Im not sexist or against women its just a girl should never rap,1,False,
GA review  see WPWIAGA for criteria  Is it reasonably well written A Prose quality     B MoS compliance    Is it factually accurate and verifiable A References to sources     B Citation of reliable sources where necessary     C No original research    Is it broad in its coverage A Major aspects     B Focused    Is it neutral Fair representation without bias    Is it stable  No edit wars etc    Does it contain images to illustrate the topic A Images are copyright tagged and nonfree images have fair use rationales     B Images are provided where possible and appropriate with suitable captions    Overall  Pass or Fail,0,False,
penisgate  Shouldnt this article mention the fact that his penis fell out Its major news lately httpnymagcomthecutyourguidetolennykravitzspenispiercinghtml,1,False,
DGYoure really an assholeI hope you dont have children,1,False,
mkr Standby for  people becoming sick from the dodgy eggs bad hollandaise and stupid puns,0,False,
u r a tw fuck off u gay boyU r smellyFuck ur mum poopie,1,False,
i propose we delete the part about the individual team as it is not RELEVANT hell none of this is relevant  you know what  in the grand scheme of things earth itself isnt even RELEVANT  i say we delete all the pages,0,False,
As per my earlier comments I think the list of celebrity OCD suffers is highly suspect  I find it odd for example that the articles on Cameron Diaz or Donald Trump would not mention the disease if they indeed admit to having it  If they are not admitting it we have not business claiming they have OCD,0,False,
Oh BedWetter please stop your furious backpedalling Strangely enough it demeans you  as well as anybody else who descends to your  dumbass level,1,False,
You animals are slitting throats and we are suppose to care that you are offended by cartoons httptcoelEbZtioDk 🖕,1,True,🖕
Ism I completely agree with you that Flood is a very good reference and have myself used on on several Hinduism related pages Wikidas added it to this article to support the following statements  This concept has ancient roots that is believed by some to have predated formation of some current major traditions of Hinduism using the quote   Early Vaishnava worship focuses on three deities  Pancaratra sect My question is does the quote support ie verify not reinforce etc the above statement  The larger point I am trying to make is that the article content should be writtenmodified to reflect reliable sources such as Floods book it is not proper to simply write down our POV and then just hang references willynilly Wouldnt you agree   PS There is also the issue that the statement in the article is hardly informative because it is not clear what this concept refers to and due to the weasel qualifiers believed by some  some  current  major  traditions but right now I am more concerned with misrepresentation of sources than crisp writing  since the latter is  not a sign of editorial misconduct on wikiepdia,0,False,
Its a wild wild world keep your dirty fingers off of my human rights,0,False,
jennifersaraw ummahwitness And no doubt your friend was every place where ISIS could have been murdering children,1,False,
You are a halfturk halfarab with no roots who cant even speak or write Persian like a native even in short expressions it is obvious in your case who has no real roots in Iran and all your edits have been about image and fooling yourself about your fantasy of the bogus identity that you have created for yoruself in your mind  Nearly all your contributions to Wikipedia have been about promoting your fake image especially your uncultured fucking Qajar turks and your lizzardmunching arab ancestors and basically your contributions can be summed up as fake image with pretty pictures may i say that the pictures are not nearly as pretty as you think by the way  Also your behaviour in Wikipedia clearly shows the halfArabhalfTurkish blood  You act exactly  like a halfarabhalfturk boor with ZERO tolerance and respect for others and ZERO sense of compromise and ZERO sign of culture or civility  Last but not least if you think the Khums financial aid and social programmes for the  Sayyeds is not true and if you have even one single cell of brain in your vacuous cramium why dont you ask yoruself then what exactly Sahme Sadaat part of the Khums means  Does it mean portion for the movie stars  You really ARE dumb arent you  And if you still have doubts since you are from a mullah sayyed family I am sure you know that you can write to any of the ayatollahls offices or the howza and ask them any question you want  Simply ask them what Sahme Sadaat portion of the Khums exactly means  Last but not least the Persian Art picture that you have uploaded you have characterized it as the artist mixes blah blah with Qajar art   that is  bullshit  Can you provide a link that says the artist has indeed made such claim  That is YOUR claim because you are from a fucking Qajar turk family  I will change it unless you can provide a reliable link that supports that claim ie it must clearly show that the artist has made such a claim,1,False,
WOW   I had no clue that Lori quit plaing drums for Skillet that is CRAZY,0,False,
a  from Lynn and Tony Well we all know whos strategic voting mkr,0,False,
You are an insidious POV editor  I use quotation marks as personally I consider you very far from a competent content editor Get a live learn some integrity and as far as Im concerned move on You are not worth the dirt on my shoes  take a hike  do I need to make my thoughts about you any clearer,0,False,
from twitter AlmazAntey report   insists no bowtie shaped pieces found yet DSB says they were in bodies of crew,0,False,
Question   Arkyquick question  When I look at your talk page you have a large smiley face floating on the left side of my screen covering up the WP nav buttons  Is this a function of the fact that Im on a wide screened laptop or is it where you want it to be,0,False,
Is this dude  The Ellesmere Port Elf,0,False,
Okay   I think grindcore would be a better genre for the band for they meet the requirments of this so said genre,0,False,
reddroostermann NoTrust But if someone wants to create companies that have zero profit no one will stop them,0,False,
Stop fucking doing this you retarded kids youre going to ruin it for everyone on the kfar,1,False,
Please stop doing so many moves without an agreement on the matter You cannot do that,0,False,
Oh so its you who wants the considerable amount of harm then is it   You fucking cretin You seriously think Im going to stop vandalising just because you block me I have a MASSIVE range of IPs and you will never block them all I am never going to stop either Hahaha,1,False,
you seem to be one of those turd minions I see when Ive been playing Diablo,1,False,
RT danhazelton Im not sexist but women should not commentate on the football it just doesnt sound right,1,False,
I think that once again we are trying to modify reality and subvert definitions  Agnostic is a scientific term when used in this manner  An agnostic is unable to prove the existence of something  Thus it is a common religious dilemma Thomas Huxley first coined the term for scientific purposes Charles Darwin is a good applied example since he wrote extensively about his religious agnosticism  There is nothing inconsistent about being a religious agnostic it is not at all close to being an atheist,0,False,
Sorry I was unaware of any generally accepted practice to permit editors to maintain on their own talk pages severe personal attacks and abuse directed against other contributors Naturally if this is indeed the case I will modify my behavior accordingly,0,False,
I have a feeling you are even dumber than you sound,1,False,
And Muslims never progress They are still barbaric httptcomwfGIvrkK,1,False,
RT igeldard From  Feb Australian newspaper The Age httptcojePUuXnG,0,False,
Ha ha ha same as Bihar exit polls,1,False,
You should have a userbox this user is canadian he is a french bastard,1,False,
unblockreasonDifferent rules for different people      Im blocked for calling ppl on the other side for the opposite word of conspiracy theorist propagandists Conspiracy theorists is a word frequency used and accepted but i guess the admins do not threat everyone in the same way or they just want to have a excuse to remove posts and block editors Everytime i discovered that some of the sources in the moon hoax article is using misleading propaganda im not even allowed to say it without actions is taken to me  thats IS censorship and it should not be accepted,0,False,
Ill look for references for this in the future but I must say people like you are to Wikipedia what the Ebola virus is to the human immune system,0,False,
Merged   Seems like a good idea along with a trim,0,False,
Hey fucking pig   Hey fucking pigofabully Ill fuck off sure but after you fuck out from Wikipedia completely you fucking bitch,1,False,
Hi   Hey Benon get a real job Leave me the hell alone dammit Dont fuck with me If you have a problem please get at me 💀,1,True,💀
Save and support Hindu,0,False,
Chemaly is a special kind of twit MASTER of whining about rd world horrors to justify writing about things like PottyParity,1,False,
JUST READ THE FUCKING CENSUS DATA Do you think I made up these numbers CHRIST,1,False,
Nasty little shit   You nasty little shit Im gonna fucking get you for this,1,False,
Merry Christmas from the Jimbo Loving Troll   I bring you seasonal tidings of good cheer  But at the same time your talk page should fear  A similar fate to the Graceful Slicks  Come Anno Dommini Two Thousand Ten And Six,0,False,
YOU EELMANNERED LITTLE EEDIOT,1,False,
ImageCernobilagif listed for deletion  An image or media file that you uploaded or altered ImageCernobilagif has been listed at WikipediaImages and media for deletion Please look there to see why this is you may have to search for the title of the image to find its entry if you are interested in it not being deleted Thank you,0,False,
Reply Protection for what for reason explaining why she never wanted tl to talk about a case WHICH IS NOT POV BUT A FACT WHICH ALL THE BIOGRAPHERS COULD TELL YOU AND I HAVE NEWSPAPER ARTICLES WITH HER INTERVIEWGrow up,0,False,
Better merge with this with Velankanni article   There is no development of this article as the article Velankanni is getting lot of inputs and has lot of required information It is time to merge this article with Velankanni article as both are to speak the same contents,0,False,
Your article   Hi I dont know you but I thought you might be Wikipedia notable so I had your article moved to my space after it was deleted   Since I dont know you and you dont know me in real life I see no conflict of interest in asking if you can point me to any reliable sources that are hard to find that could push your article into the realm of clear notability,0,False,
Karma is a b i t c h mkr gt Kat,1,False,
igger Nigger Nigger Nigger Nigger Nigger Nigger Nigger Nigger Nigger Nigger Nigger Nigger Nigger Nigger Nigger Nigger Nigger Nigger Nigger Nigger Nigger Nigger Nigger Nigger Nigger Nigger Nigger Nigger Nigger Nigger Nigger Nigger Nigger Nigger Nigger Nigger Nigger Nigger Nigger Nigger Nigger Nigger Nigger Nigger Nigger Nigger Nigger Nigger Nigger Nigger Nigger Nigger Nigger Nigger Nigger Nigger Nigger Nigger Nigger Nigger Nigger Nigger Nigger Nigger Nigger Nigger Nigger Nigger Nigger Nigger Nigger Nigger Nigger Nigger Nigger Nigger Nigger Nigger Nigger Nigger Nigger Nigger Nigger Nigger Nigger Nigger Nigger Nigger Nigger Nigger Nigger Nigger Nigger Nigger Nigger Nigger Nigger Nigger Nigger Nigger Nigger Nigger Nigger Nigger Nigger Nigger Nigger Nigger Nigger Nigger Nigger Nigger Nigger Nigger Nigger Nigger Nigger Nigger Nigger Nigger Nigger Nigger Nigger Nigger Nigger Nig,1,False,
good job for sucking dick    stylebackgroundcolor fdffe border px solid fceb rowspan styleverticalalign middle padding px   stylefontsize xlarge padding px px  px height em  dick trophy  styleverticalalign middle padding px  i dont have to do shit u say  and ur the worlds best dick sucker,1,False,
Im a male in my s and I think you are a nasty piece of work if you honestly believe what you wrote Does that count,1,False,
Page Blanking   On Apr you blanked st Brigade st Cavalry Division Blanking pages is generally considered a bad idea I have changed this redirect to US st Brigade st Cavalry Division to avoid the disambig page If this was the result of a broken edit you may wish to make the correct edits If you believe the redirect should be deleted please follow the redirect portion of the deletion procedures If you have questions please let me know Thanks,0,False,
Maz c Malfie is the new d Why Is The First Letter In Every Word In Your Sentence Capitalized its january so i cant c People repeating themselves Besides harry isnt even seen as a womanizer in this All zayn said was that harry has an impeccable way of making girls attractive to him Basically saying that a lot of girls like himyou and a bunch of other people have been blowing it out of proportion Im not trying to be rude or offensive ive just always wondered this How do people who dont speak English Japan for example likebecome huge fans of EnglishAmerican bands Youre so cute Alfie Alfie is correct You guys should have asked for milk when you were eating the really hot wings Milk coats your mouth and throat so it isnt that hot Honestly no one cares what other fandoms youre in this video is for Little MixTheres no need to state if youre a directioner a belieber a mahomie and a mixer because that has nothing to do with this amazing song that cannot be healthy This video reminds me of the Did I turn my boyfriend into a Vampire storytime video    calm your titties Just search Ed Sheeran sings little things in paris i love perries outfit Im speechless lolol no Hes good but not that good This reminds me of the type of music i listened to before one direction Ive just realized how much ive missed music like this  what does this have to do with high school Its really nothing special Emblem is PART of the reason She was so rude to themand Simon basically every week they were there But if it wasnt for the X factor i would have never seen demis true colors,0,False,
Some dumbass reposted his crap about Niverville under a different email address this time I removed it,1,False,
To KF To User KF Dont try to reason with Doc Hes unreasonable a definite case of head in cement syndrome and possible abuse of his authority by just deleting without being sure of his right to act summarily I noticed hes had more of his administrative decisions reversed by other administrators most notably Remember the dot reversing him most recently than any other admin so far as Ive seen So just ignore him and reinstate the article with the tags you propose He does anything to it again either you can complain against him to the Arbitration Committee or to a more reasonable administrator for reversal of all his or her decisions Judicial action would be a last resort if internal processes fail to produce a satisfactory result but its always a possibility But go to User Remember the dot he or she will likely give you a fair hearing more fair than you get here I imagine this guy will want to block me for this but if he does well Ill just appeal to the above named administrator or sue him before an arbitration hearing here or if needed as a very last resort judicial action      To Doc To whom Doc is I advise KF to ignore your actions and denials of petition and just reinstate the article you deleted in its original terms and add the tags he proposes him or herself If you delete it again I advised him to complain against you before administrator Remember the dot to overturn your adverse to KF decisions or go to the Arbitration Committee with a complaint and if as a last resort bring judicial action against you Your abuse needs to be stopped You seem mean spirited crude and abusive of your power I figure youre going to try to block me If you do Ill appeal to Remember the dot or Arb Comm or last resort legal options which is something I dont relish doing but is always a last card to play I suppose,0,False,
oh and   this is a university computer so i dont give a fk if you block this IP address  have a terrible day,1,False,
I have created a subpage and dont know how to launch it Also many links in the text are not activated I dont know how to activate them Thanks,0,False,
Homo   Dont be gay mind your own fucking business 🤬,1,True,🤬
Well here it is Verbal  The  Annual Report of the Princes School of Traditional Arts  Here is the link,0,False,
I find your comments about the Los Angeles County sheriffs to be personally offensive  You said they engage in gossip when investigating a murder  How would you like it if someone in your family was murdered and someone labeled what people said about it gossip  Also your removal of my stuff about coroner Harold Kade contradicts what Gamaliel whose position in Wikipedia is higher than yours said about it  Heshe said it can stay in the article as long as it is sourced  It is  Harold Kade performed the autopsy on Karyn Kupcinet therefore negative information about his job performance is relevant,0,False,
Well now that you made those points I agree and understand Lots of parents are like that so I guess I see where the show is coming from That was bugging me though Anyway yea I guess this has no bearing on the article Nice chatting with you though Bye,0,False,
HI JohnHistory  Yes you will be blocked and your thoughtful post here deleted by someone like Tarc  The main thing to realize is that Wikipedia has always been and will always be a clusterfuck  If youre interested in finding out detailed histories of the lives of anime characters its a start but other than that its virtual pages are only good for wiping virtual shit out of your virtual asshole  This place attracts the worst kind of assholes and its hard to trust in the good faith of something from which nothing but shit and hot air spews forth  They decide what a proper source is they decide whats been discussed in the media just like they decide which place in SF has the best glory holes  Any type of internet arrangement with a hierarchy attracts the worst type of vaginal discharge  Wikipedias political content is governed by a bunch of aborted leftists who read a couple of pages of Das Kapital decided it was nice and then put it down  They are a bunch of fucking cocksuckers literally and figuratively,1,False,
I wonder  If you continued to force yourself to see colour and shapes for a long time would it eventually become involuntary If so would that be synaethesia or just strongly enforced assosiation,0,False,
The Whitewashers eh Cant wait for the movie,0,False,
YOU TOO JEFF G FUCKIN HOMOS,1,False,
edgeofthesandbx batchelorshow FearDept The Ukrainian economy was raped by the Russians So now you talk about your pennies 👍,0,True,👍
You love the devil and worship him,1,False,
Yes according to Islam Muslims are encouraged to kill you  Im not a Muslim and I have no issues with Hindus,1,False,
You piece of chickenshit cunt   Im going to have my way with the zero hedge article punk and if you get in my way Im going to rape your user page motherfucker,1,False,
bumhole boy   oi you little bitch why did you delete bumhole boy,1,False,
Im blocked,1,False,
Re Speedy deletion declined Giselle V Steele,0,False,
is the appearance of bias Kuru was concerned with Dale Menendez,0,False,
free speech If you want to suppress that fine,0,False,
Are we not in danger of confusing a dandy and a fop Personally I think Favourbrook a bit  you know  staid for a fop Be bold A pink boa would be a good start if a little obvious,0,False,
and Jamaica Therefore there is not such thing as Spanish Virgin Islands,0,False,
halalflaws biebervalue greenlinerzjm Hadith verses look like this httptcoPsYhjKjjkU,0,False,
Administrative Clique   Congratulations To Rodhullandemu et al It seems Ive been banned indefinitely because I used a naughty word How very very mature of you all Well to quote the T  Ill be back In the meantime you lot carry on your superheroic crusades removing vandalism chortle chortle and making Wikipedia a safer place eye roll Its good to know somebodys making a difference in this world But  and I know its a big but  if you can tear yourself away from your pc for a couple of minutes to take a long look in the mirror  do it Believe me yall need to Peace,0,False,
